[
	{"symbol": "∀",
			"triggers": ["for all"] },
	{"symbol": "=",
			"triggers": ["eql", "equal", "equals"] },
	{"symbol": "∃", 
			"triggers": ["exists", "there exists"] },
	{"symbol": "ℤ", 
			"triggers": ["integers", "the integers"] },
	{"symbol": "∈",
			"triggers": ["element", "element of"] },
	{"symbol": "ℝ",
			"triggers": ["real", "real numbers"] },
	{"symbol": "+",
			"triggers": ["plus", "addition"] },
	{"symbol": "-",
			"triggers": ["minus", "subtract", "subtraction"] },
	{"symbol": "±",
			"triggers": ["plusminus", "plus minus", "plus/minus"] },
	{"symbol": "∓",
			"triggers": ["minus plus", "minus/plus"] },
	{"symbol": "×",
			"triggers": ["times", "multiply"] },
	{"symbol": "÷",
			"triggers": ["divide", "div"] },
	{"symbol": "√",
			"triggers": ["root", "sqrt", "square root"] },
	{"symbol": "⋅",
			"triggers": ["dot"] },
	{"symbol": "∑",
			"triggers": ["sum of", "summation", "sum"] },
	{"symbol": "∫",
			"triggers": ["integral", "antiderivative"] },
	{"symbol": "∮",
			"triggers": ["contour integral"] },
	{"symbol": "…",
			"triggers": ["dots"] },
	{"symbol": "⋮",
			"triggers": ["vertical dots"] },
	{"symbol": "⋰",
			"triggers": ["diagonal left dots"] },
	{"symbol": "⋱",
			"triggers": ["diagonal right dots"] },
	{"symbol": "∴",
			"triggers": ["therefore"] },
	{"symbol": "∵",
			"triggers": ["because", "since"] },
	{"symbol": "!",
			"triggers": ["factorial"] },
	{"symbol": "¬",
			"triggers": ["negation", "negate"] },
	{"symbol": "∝",
			"triggers": ["proportional"] },
	{"symbol": "∞",
			"triggers": ["infinite", "infinity"] },
	{"symbol": "□",
			"triggers": ["end of proof", "qed", "quod erat demonstrandum"] },
	{"symbol": "■",
			"triggers": ["solid end of proof", "black qed"] },
	{"symbol": "≠",
			"triggers": ["does not equal", "inequality"] },
	{"symbol": "≈",
			"triggers": ["approximately equal", "about equal", "roughly equal to"] },
	{"symbol": "~",
			"triggers": ["similar"] },
	{"symbol": "≡",
			"triggers": ["equivalence"] },
	{"symbol": "≅",
			"triggers": ["congruent", "congruence"] },
	{"symbol": "⇔",
			"triggers": ["iff", "if and only if"] },
	{"symbol": "<",
			"triggers": ["less than"] },
	{"symbol": ">",
			"triggers": ["greater than"] },
	{"symbol": "≪",
			"triggers": ["much less than", "significantly less than"] },
	{"symbol": "≫",
			"triggers": ["much greater than", "significantly greater than"] },
	{"symbol": "≤",
			"triggers": ["less than equal to"] },
	{"symbol": "≥",
			"triggers": ["greater than equal to"] },
	{"symbol": "≦",
			"triggers": ["congruence less than"] },
	{"symbol": "≧",
			"triggers": ["congruence greater than"] },
	{"symbol": "≺",
			"triggers": ["karp reducible to"] },
	{"symbol": "≻",
			"triggers": ["karp reducible from"] },
	{"symbol": "⇒",
			"triggers": ["implies"] },
	{"symbol": "⊆",
			"triggers": ["subset equal"] },
	{"symbol": "⊂",
			"triggers": ["subset"] },
	{"symbol": "⊇",
			"triggers": ["superset equal"] },
	{"symbol": "⊃",
			"triggers": ["superset"] },
	{"symbol": "→",
			"triggers": ["function arrow"] },
	{"symbol": "↦",
			"triggers": ["maps to"] },
	{"symbol": "←",
			"triggers": ["converse implication"] },
	{"symbol": "⊧",
			"triggers": ["entails"] },
	{"symbol": "⊢",
			"triggers": ["inference"] },
	{"symbol": "‖",
			"triggers": ["normal", "normal brackets"] },
	{"symbol": "⌋",
			"triggers": ["floor close", "floor bracket close"] },
	{"symbol": "⌊",
			"triggers": ["floor open", "floor bracket open"] },
	{"symbol": "⌉",
			"triggers": ["ceiling close", "ceiling bracket open"] },
	{"symbol": "⌈",
			"triggers": ["ceiling open", "ceiling bracket open"] },
	{"symbol": "⟨",
			"triggers": ["inner product open"] },
	{"symbol": "⟩",
			"triggers": ["inner product close"] },
	{"symbol": "∣",
			"triggers": ["divides"] },
	{"symbol": "∤",
			"triggers": ["does not divide"] },
	{"symbol": "∥",
			"triggers": ["parallel"] },
	{"symbol": "#",
			"triggers": ["cadinality"] },
	{"symbol": ":",
			"triggers": ["such that"] },
	{"symbol": "≀",
			"triggers": ["wreath product"] },
	{"symbol": "↯",
			"triggers": ["lightning"] },
	{"symbol": "※",
			"triggers": ["contradiction", "contradicts"] },
	{"symbol": "⊕",
			"triggers": ["exclusive or"] },
	{"symbol": "⊻",
			"triggers": ["veebar", "direct sum"] },
	{"symbol": "𝔹",
			"triggers": ["bool domain", "bools", "boolean", "booleans"] },
	{"symbol": "ℂ",
			"triggers": ["complex", "complex numbers"] },
	{"symbol": "∂",
			"triggers": ["partial derivative"] },
	{"symbol": "𝔼",
			"triggers": ["expected value"] },
	{"symbol": "𝔽",
			"triggers": ["galois field"] },
	{"symbol": "ℍ",
			"triggers": ["quaternions"] },
	{"symbol": "𝕀",
			"triggers": ["indicator"] },
	{"symbol": "ℕ",
			"triggers": ["natural numbers", "naturals", "natural"] },
	{"symbol": "∘",
			"triggers": ["circle", "hadamard product", "composed with"] },
	{"symbol": "∅",
			"triggers": ["empty set"] },
	{"symbol": "ℙ",
			"triggers": ["prime numbers", "primes"] },
	{"symbol": "ℚ",
			"triggers": ["rationals", "rational numbers"] },
	{"symbol": "†",
			"triggers": ["conjugate transpose", "dagger"] },
	{"symbol": "⊤",
			"triggers": ["top"] },
	{"symbol": "⊥",
			"triggers": ["perpendicular"] },
	{"symbol": "𝕌",
			"triggers": ["universe"] },
	{"symbol": "∪",
			"triggers": ["union", "union of"] },
	{"symbol": "∩",
			"triggers": ["intersection", "intersection of"] },
	{"symbol": "∨",
			"triggers": ["or", "join"] },
	{"symbol": "∧",
			"triggers": ["and", "wedge"] },
	{"symbol": "⋉",
			"triggers": ["semidirect product"] },
	{"symbol": "⋊",
			"triggers": ["semijoin"] },
	{"symbol": "⋈",
			"triggers": ["natural join", "bowtie"] },
	{"symbol": "Δ",
			"triggers": ["delta"] },
	{"symbol": "π",
			"triggers": ["pi"] },
	{"symbol": "∇",
			"triggers": ["gradient"] },
	{"symbol": "σ",
			"triggers": ["selection"] }
]